[
    {
        "destId": "001",
        "ville": "Paris",
        "pays": "France",
        "prix": "8500 $",
        "etoiles": "5",
        "notes": "1223",
        "description": "Ville lumière",
        "activites": ["Baignade", "Football", "Eco-tourisme", "Exploration", "Cuisine locale", "Bar"],
        "services": ["Hotel", "Buffet", "Wifi", "Banque", "Navettes", "Souvenirs"],
        "vol_comp": "American Airlines",
        "vol_duree": "12 heures",
        "hotel_comp": "Hyatt",
        "hotel_duree": "30 jours"
    },
    {
        "destId": "002",
        "ville": "Madrid",
        "pays": "Espagne",
        "prix": "12500 $",
        "etoiles": "5",
        "notes": "1420",
        "description": "Me gustan las tapas",
        "activites": ["Baignade", "Football", "Eco-tourisme", "Exploration", "Cuisine locale", "Bar"],
        "services": ["Hotel", "Buffet", "Wifi", "Banque", "Navettes", "Souvenirs"],
        "vol_comp": "Spanish Airlines",
        "vol_duree": "8 heures",
        "hotel_comp": "Hyatt",
        "hotel_duree": "25 jours"
    },
]